{"type":"logistic_regression","features":["age","sex","cp","trestbps","chol","fbs","restecg","thalach","exang","oldpeak","slope","ca","thal"],"median":[55.0,1.0,1.0,130.0,241.0,0.0,1.0,154.0,0.0,0.6,1.0,0.0,2.0],"mean":[54.19502074688797,0.6763485477178424,0.983402489626556,131.31535269709545,247.63070539419087,0.13692946058091288,0.5352697095435685,150.82572614107883,0.2987551867219917,0.9954356846473029,1.4232365145228216,0.7593360995850622,2.336099585062241],"scale":[9.005262183372054,0.4678687740358486,1.0305169511220174,16.767389956532977,53.777709552663495,0.3437728660117507,0.53099064806793,22.47272948555227,0.45771227329917596,1.146607804561696,0.6071150591924276,1.0506696022909143,0.617100480092949],"coef":[0.08786771007436811,-0.8760017110612179,0.9788926805457283,-0.3587460452149816,-0.27996684956470197,-0.11243135531758655,0.22400370312964535,0.8181892273062014,-0.4991086539157025,-0.4000495045151009,0.30908966482400946,-0.7400950837965212,-0.5215722555026449],"intercept":0.08776786107255173}